review,label
而且操作容易掌握,1
简洁的设计,1
非常人性化的设计啊,1
前后均匀的配重,1
整体感觉很自然,1
使照片分辨率高,1
丰富的场景模式,1
强大的配置和主流的参数证明,1
出色的制造工艺加上强金属质感的拉丝工艺面板,1
使得夜景拍摄能力一般,0
背面的设计个人感觉有些局促,0
外观时尚,1
显示屏的像素低,0
所以在图像处理的速度方面非常迅速,1
它们外观大气又不失漂亮,1
英寸的大屏幕,1
有大量场景模式供选择,1
使它的色泽鲜亮,1
操作上不爽若干,0
快门时滞真的让人很不爽,0
在噪点控制上还是不错的,1
而且在图象的细节表现方面和图象的分辨率上都是非常好,1
这款机器的价格方面现在非常低,1
且变焦过程非常顺滑流畅,1
不仅外观上略显累赘,0
所以在其它相机上常见的紫边现像已经很少了,1
精良的做工,1
而且配置了接近完美的手动功能人像,1
快门延时很长,0
使得拍照的抓拍能力不是很强,0
非常清晰的取景器图像,1
白平衡控制方面也不出众,0
同时小巧的高速快门,1
机顶闪光灯位置相当合理,1
紫边等各方面的表现均同样优秀,1
色彩方面更加趋于接近真实,1
更为人性化的设计,1
英寸的大屏幕的显示器,1
开关等没有的精细,0
小巧的外型,1
画面角落的细节损失不大,1
优秀的画质,1
对焦点少了点,0
有大量场景模式供选择,1
对焦速度方面依然表现一般,0
加上优秀的图像细节捕捉能力和图像锐度,1
在短片拍摄上比较弱,0
机身造型感觉没有太多亮点,0
电池功能上更值得一提,1
机子重量还行,1
外观依旧不专业,0
具有全面的防水和防尘功能,1
坚固的镁合金机身,1
整体感觉厚实,1
出色的色彩表现,1
因此造成整个画面偏灰,0
这款相机在外观上并非超薄,0
做工一流,1
精巧的准专业外形设计,1
完备的手动功能,1
完备的配件,1
操作简单快捷,1
有很好的录音品质但没有单独提供录音功能,1
虽然广角端视野较标准头要小,0
当然噪点问题是无可避免的,0
显色高亮清晰,1
尽管联想在外观设计上还显得稚嫩,0
但在各项拍摄功能上还是做得很周到的,1
在画面细节上的表现还算不错,1
提供的各项功能之丰富,1
有评测所说的紫边现象也并不明显,1
高光物体边缘有明显紫边现象,0
超级,1
画面中透着一些柔和,1
镜头在同级相机中偏好,1
对焦速度以及很短的快门延迟,1
实际拍摄的风景图像中画面反差适中,1
的整体的流线型做的十分出色,1
英寸超大液晶屏幕,1
的镜头配置也绝对称的上主流,1
这款机器在设计上不合理,0
方便携带或许是三星数码相机外观设计方面唯一值得称赞的一点了,1
细节方面处理的较好,1
使所拍摄的相片真实感较差,0
存在很明显的噪点现象,0
感光度范围广,1
噪点的产生少,1
强大的拍动画功能,1
这款的画质清洁度感觉一般,0
色彩整体还原可圈可点,1
所拍摄照片整体和谐,1
有不良的紫边现象,0
外观美,1
双电池系统电力超长,1
也是索尼所有立式机当中配置最低的一款,0
丰富的场景模式,1
威猛的机身,1
这反映出产品做工的精细的一面,1
配备了最新的真实影像处理器,1
图像储存慢显示屏黄灰色不适合我们的眼光观看,0
出色的光学性能,1
超级微距功能,1
佳能不仅在长焦距性能上出众,1
具有对焦安静迅速的特点,1
做工细致的外壳,1
宽大的机身以及手柄,1
外形以及把持手感方面表现出色,1
令取景角度更加灵活,1
噪点抑制的相当出色,1
对目前最为流行的短片拍摄做得也很好,1
在日光下色彩还原非常好,1
尤其在全黑的情况下成像较差,0
使用起来她的反应迅速,1
镜头变焦不够大,0
留给用户自定义的快门速度值有限,0
的上参数显示比较清晰,1
万像素的显示非常清楚,1
色彩还原非常真实,1
曝光模试比较全面,1
固定背带环不好,0
微距表现好,1
色彩表现很真实,1
不过其控键分布紧密,0
但阴影处的表现欠佳,0
的肤色还原较真实,1
暗部噪点控制相当好,1
画面迟滞非常明显,0
测光非常准确,1
色彩还原到位,1
机身右侧设计过于平滑且没有任何凸起,0
虽然曝光准确但在逆光部位边框较明显,0
机身外形设计有些偏大,0
发现此机对于暗光线下的拍摄非常出色,1
手柄设计得很人性化,1
效率和画质都好于一般视频头捕捉,1
机身尺寸和重量上要比轻薄一些机子整个布局,1
机身上的按键布局非常传统,1
快门延迟不明显,1
因为它的机身体积与屏幕尺寸都比较小,1
自动白平衡比较准确,1
尺寸及镜头口径偏小,0
拍出来的照片清晰度和色彩都是非常的好的,1
紫边和暗角也控制的相当不错,1
朴素而又大方得体的设计,1
外观更加时尚,1
的成像尽管清晰度比较高,1
自动白平衡偏差比较明显,0
处理速度和拍摄响应上非常迅速,1
新镜头在体积与重量上都较传统的镜头少许多,1
紫边和暗角也控制的相当不错,1
自动白平衡非常准确,1
快门迟滞极短,1
自动白平衡比较准确,1
尤其是开机和变焦相当流畅,1
还具有多种拍摄模式和多种场景模式,1
多了几档光圈的镜头可以与快门配合为日常使用提供更多的曝光量组合,1
锐度和反差都有所不足,0
在高分辨下它的噪点和成像颗粒感会稍微严重一些,0
白平衡准确,1
躁点和紫边严重,0
为此花费不小,0
画面的饱和度和对比度都比较低,0
自动白平衡极为准确,1
近拍很爽,1
拍摄点光源及夜景效果出众,1
不过做工和手感还是比较让人满意的,1
拍出的图片层次感和立体感丰富,1
自动曝光比较准确,1
功能按键设计也更具人性化,1
白平衡准确,1
具有不错的高性价比,1
晚上可能会用上但噪点比较多,0
成像效果较相同价位和相同像素级单片机要好很多了,1
暗部色彩和清晰度较好,1
色彩还原和清晰度比好很多,1
细节和色彩表现都非常出众,1
菜单操作不够人性化,0
它的连拍和短片功能都是很强的,1
它的自动白平衡相对来说比较准确,1
色彩和分辨率表现很不错,1
前后双拨轮令操作更快捷更简单,1
对焦方式丰富且单点高速对焦速度很快,1
硬件配置不错配置的是在时尚卡片机中最高端的大视角,1
质感没有来的舒服,0
感觉按键偏软,0
变焦连贯,1
人机界面亲和,1
毕竟它像素高,1
机身背面比较抢眼,1
焦性能并不十分优秀,0
而佳能相机的噪点控制相对较好,1
电池特耐用,1
厚度也可以,1
如此高性能的相机如此实惠的价格,1
还原度不错,1
分辨率高质量的录像,1
阴天里的长焦表现一般,0
不但外观看上去非常精致,1
而且握在手中也是质感一流,1
还把跟一样的超高分辨率的短片拍摄能力挪动过来,1
而镜头的变焦环手感则不错,1
简洁的设计,1
阴天里的长焦表现一般,0
也使机身更具质感,1
主要特点是使图像清晰锐利并有效减小镜头的体积,1
在防紫边现像方面控制的也不是很好,0
强光源下眩光明显,0
效果一流,1
高性价比,1
相机对焦略显犹豫,0
非常人性化的设计啊,1
与相比款式更新,1
惟独紫边让人扫兴,0
变焦比小,0
使操控更为简便,1
按钮设计得很顺手,1
经常出现测光不稳定,0
硬件的全局平衡性比较强,1
延时长,0
的大光圈使具有专业摄像机的外观和部分功能,1
在实际使用时感觉的镜头变形控制的非常出色,1
再加上按键数目太多,0
卡西欧的和松下机拍的照片紫边很明现的,0
前后均匀的配重,1
对比度非常差,0
除了微距较好,1
的微距对焦速度也理想,1
成像效果佳,1
按键手感毫无悬念,0
也将机身重量控制得比较合理,1
自定义对焦点太少了,0
对焦以及快门时滞确实在同级别产品中出类拔萃,1
英寸万像素的超大屏幕,1
考虑到卡不人性的价格,0
对焦速度感觉比慢一点,0
三个对焦点有点少,0
在比较暗的地方其对焦成功率仍然很高,1
给人不错的操作感受,1
所以对于画面噪点控制的相当不错,1
快速的自动对焦系统装配的是点人工智能自动对焦,1
而且对焦非常准确和迅速,1
辅助对焦灯的作用也不太明显,0
而且与其他数码产品的兼容性较差,0
像素较高达到,1
长焦端感觉对焦速度慢,0
对焦干脆,1
对红色和绿色的饱和度还原的比较好,1
手动对焦操作不方便,0
好在奥林巴斯的售后非常好,1
对焦速度十分快,1
至于防尘就不在话下了,1
对紫边的控制做的也不错,1
对焦速度有所减慢,0
自动对焦较差,0
实际使用中感觉成像效果还是比较很不错的,1
迅速对焦,1
相对于同系列产品来说高性价比是三星的明显优势,1
理光那种流畅的瞬间对焦又再次回到了我的身边,1
自动对焦速度太慢,0
机顶部分按键手感偏硬,0
手动变焦对焦环手感舒适,1
用久了电池散热不佳感觉发烫,0
不具备当前最流行的防抖技术,0
具有强大的视频拍摄能力,1
可以获得更高的信噪比和不错的影像质量,1
加上做工精良的光学取景器,1
但是垂直可视角度比效差大约只能达到度左右,0
但是在长焦端拍摄特写效果依旧显著,1
的内变焦镜头变焦噪音特别低,1
是比较老的格式,0
松下系列始终以做工精湛,1
错是十分先进成熟的物理防抖技术,1
设置参数多,1
这也让能有更出色的微距表现,1
不过由于格式的压缩比率较小,0
能在光线不足的环境中拍摄出清晰的照片,1
这是一个相当实用的功能,1
视频拍摄流畅,1
延续了索尼数码相机较强的短片拍摄能力,1
长焦端画质不错,1
只能怪它的成像不好,0
有严重的紫边现象,0
经过磨砂处理的全金属外壳令它拥有冷冰冰的细腻手感,1
虽然没有漂亮的双色机身设计,0
但是它的磨砂金属机身和小巧的机身依然为用户带来了很好的手感,1
各部件的接缝十分细小,1
采用了专业的毫安锂电池,1
的操控十分流畅,1
这样在显示效果方面就细腻了很多,1
配有独创的除尘系统,1
噪点控制能力一般,0
的超级防抖功能,1
没有设计专门的电池手柄,1
值得一提的是专业的防抖技术,1
再有性价比出众,1
保证了优质的成像效果,1
具有较强的动态影像拍摄能力,1
最不爽的就是快门,0
但想手动调节还不行,0
色彩还原真实,1
当初选择是因为她具有超簿的机身,1
内置十分丰富的种场景模式和按键,1
感觉它的液晶屏用起来不是很爽,0
手持手感好,1
还具有六种特殊而又常用的场景模式,1
另外还提供了相当多的预置场景模式,1
有时候还有比较明显的紫边现象,0
存储时间等等都较长,0
和表情变化丰富的儿童能有较好的效果,1
保证能给玩家足够好的手感,1
成像畸变少,1
使相机具备了更强大的数据处理能力,1
使相机具备了更强大的数据处理能力,1
闪光灯弹出角度更高,1
电池使用时间持久,1
发现他的噪点控制很一般,0
处理器处理功能强大,1
采用了佳能先进的数字影像处理器,1
屏幕比屏幕具有更高的色彩饱和度和亮度,1
感觉细节处理不够好,0
特别是镜头变焦噪音控制的比较好,1
但毕竟是全新的设计,1
虽然配有奥林巴斯独家的超声波防尘技术,1
可获得最为鲜活自然的色彩效果,1
充满人性化设计的理念相比前代机型,1
干净利落的不锈钢切片镜头档板省去了传统有绳镜头盖的拖沓冗长,1
拥有这般速度的它还具备超强的微距,1
这款相机的另一特色便是优秀的连拍能力,1
而且还带有诱人的广角,1
非常快的开机速度,1
拥有庞大的镜头群,1
具有多种情景模式,1
具有较强的动态影像拍摄能力,1
这就是实用的翻转,1
提供了更大曝光量,1
使用它的取景十分费力,0
　多种测光方式带有多种测光方式,1
个人感觉它的测光系统检测出来的曝光量非常合适,1
　画面颗粒感较大画面上有明显的颗粒感,0
无论在任何环境中都能保持非常干净的画面,1
搭配上丰富的种场景拍摄模式,1
确实是一个不错的设计,1
展现了较好的层次感,1
这可是一个比较贴心的设计,1
随机还赠送精美皮套一个,1
采用著名的德国施耐德镜头,1
实际拍摄中感觉成像清晰,1
其他参数和配置也很主流,1
特别是大大的镜头,1
变焦速度和对焦速度还可以,1
极佳的微距效果,1
上佳的成像能力,1
使用了优质的镜头,1
电池使用时间超长,1
同时又具备全面的自动功能,1
长焦端光圈偏小,0
独一无二的摄影功能,1
方便的取电方式,1
客观说的成像在同类里还能算中游,1
却有着以往时尚类数码相机所不具备的丰富功能,1
其中最为实用的当数降噪功能,1
中所附带的被动式降噪功能十分实用,1
它为像本人这样的夜拍爱好者提供了相对细腻的画质,1
色彩还原真实,1
也是实现准确的色彩还原,1
画面显示不够精细,0
手柄握持感稳当,1
在高光条件下拍摄图像相当不错,1
美能达是存在降噪不好的情况,0
拥有最近厘米的超级微距能力,1
寸万像素显示效果尚可,1
性能使用的虽是富士自产的超级,1
独特的旋转镜头加上飞快的开机速度,1
再加上比较方便的操控方式及预设的场景模式,1
其电力还是比较强劲的,1
控制紫边能力等方面的表现均属上乘,1
有比较明显的躁点,0
但也发现局部有较明显的紫边,0
对于家用消费级的来说成像方面还可以,1
对噪点的控制较为理想,1
值得一提的是夜景拍摄模式,1
使用过程中即使是多点测光都会曝光不足,0
在视频拍摄功能方面和相比也有一定的进步,1
该相机具有的全新相机抖动防止功能会自动提升,1
使用价格偏贵的卡,0
画面显示清晰流畅,1
这在家用卡片机中的放大倍率是最大的,1
就觉得变焦杆太小,0
没有单独把防抖功能设为独立的按键,0
依然存在色彩失真,0
显示效果不是很理想,0
有较完全的手动功能,1
闪光热靴设计别有用心,1
快门速度设置华而不实,0
具有较强的手动功能,1
我还没有发现过有严重紫边的情况,1
并且通过富士公司新型降噪技术,1
它拥有的则是令很多同档次产品羡慕不已的多彩外观,1
另外镜头变焦噪声也偏大,0
用格式拍摄后放大到英寸清晰度仍然较好,1
色彩层次和场景包容能力也不差,1
感觉最爽的就是的镜头,1
取景太小而且不够清晰,0
有很好的夜摄效果,1
没有采用更加专业的莱卡镜头始终是我感觉的比较遗憾的事情,0
精简了防抖功能,1
彩色夜摄效果实在不敢恭维,0
使本机有较强的实用价值,1
随机所配单指向话筒取声质量很好,1
通过这个底座实现了全面简易的连接功能,1
是近年来采用感光元件品质最低的一款,0
不仅在拍摄风光照能得到令人赏心悦目的画面,1
而且在拍摄人像的时也能获得令人意想不到的视觉效果,1
一般定焦镜头构造简单,1
大家往往想到的只是精良的性能和传统厚重的外型,1
为我们的成像预览带来了极大的视觉效果,1
在室内复杂光源条件下拍摄也能得到比较好的色调还原,1
噪点控制相当不错,1
操控菜单感觉有点繁琐,0
高值时噪点控制不好,0
在同一感光度拍照下成像是最好的,1
在最高剛感光度的模式下噪点放大时明显,0
柯达成像比较艳丽,1
而内存在同一像素中占的内存是最小的,1
全新的面部提亮功能,1
长焦焦段有不错的背景虚化能力,1
具有强大的动态短片拍摄功能,1
很强扩展能力,1
录制短片占据空间太大,0
还具有超级微距功能,1
手动对焦模式下的对焦点放大功能十分的人性化,1
让用户可以画较少的钱买到功能强大的手动相机,1
配置不错,1
色彩还原真实,1
动态格式的短片体积很大,1
但是效果非常的好,1
佳能系列的做工实在太一般,0
整机很沉重,0
做工用精湛来形容不为过,1
手感良好,1
开机速度很快,1
英寸液晶屏显示效果出色,1
清晰度高,1
画面真实,1
液晶屏显示效果也不俗,1
的微距值得称道,1
轻薄小巧的机身不易握持,0
且光滑的金属镜头滑盖易留下手指纹,0
且按钮比较小,0
镜头口径小,0
光圈小,0
对焦速度慢,0
拍摄的照片噪点相对较多,0
特别是微距不错,1
效果特清晰,1
效果还是不错的,1
效果还不错的,1
第一个缺点就是风景照很差,0
另外一个非常大的缺陷就是便携性差,0
节电池非常重,0
就是防抖性非常非常差,0
但是就是因为功能太多,0
反而各个功能都不尽人意,0
的重量远远轻于,1
的画质真的比好些,1
的手动比更加丰富,1
仿抖做的不是很好,0
从镜头上醒目的红圈箍就能知道这枚镜头尊贵的出身,1
高速的数字影像处理器是佳能又一法宝,1
佳能的菜单总体来看界面友好,1
内容十分详尽,1
反应速度也比较快,1
的紫边现象比较轻微,1
机子的持握感依旧不错,1
色彩非常的艳丽,1
开机速度一般,0
镜头伸出的速度也不是非常快,0
色彩自然逼真,1
拍照时快门时滞明显,0
价格低,1
手动功能强大,1
自动功能实用,1
液晶屏太小相素太低,0
电池盖有点松,0
机形虽不大,1
闪光灯充电时间太长了,0
图象锐度不错,1
在室内的效果也不错,1
高下照片燥点比较明显,0
短片功能不错,1
另外在阳光下的显示效果不是很好,0
开关机速度很快,1
快门时滞比较小,1
存卡速度也很快,1
功能转盘设计的有点紧,0
闪光灯充电时间较长,0
机身更加轻巧,1
点测光的范围太大了,0
快门速度缩水,0
连拍速度缩水,0
的恒定光圈让人遗憾,0
屏幕效果细腻著称,1
细腻度大打折扣,0
光学防抖较好,1
续航力还是一般,0
存储速度快,1
它的连拍速度非常过瘾,1
色彩艳丽逼真不亚于胶片,1
外面的工程塑料手感很好,1
超清,1
紫边现象严重,0
镜头有松动声音现象,0
的内部设计更为紧凑,1
手感依然舒适,1
供电方面是此次的一个绝对亮点,1
不过这个模式拨盘操作性比较差,0
原因之一是转盘太小,0
而且单手操作起来不是很方便,0
配件的价格太高,0
大容量的价格一直比较高,0
原装电池的价格更是吓人的,0
导致视频文件的体积巨大,0
加上大容量的价格较贵,0
拍摄时间更加受限,0
这一设计也是让人称道的,1
画面比较清晰,1
声音还原较佳,1
导致显示的画面不购细腻,0
就是对其大气的外形所吸引,1
两者造型厚实,1
布置紧凑,1
而且手柄持握起来很舒服,1
图像非常细腻,1
开机速度快,1
而它的对焦速度也非常出色并且在拍摄过程中,1
两张之间的拍摄间隔还是比较短的,1
色彩鲜艳,1
画面干净的优点同样得以在上体现,1
手感不错,1
颜色亮丽,1
还原真实,1
边缘锐利度不错,1
操作简单,1
效果不错,1
机子反应速度快,1
电池续航能力一般,0
这时紫边并不明显,1
广角不够用,0
原装配件太贵,0
所以现在的可能一定程度成本略高,0
质量差,0
外观比较唬人,0
镜头大,0
成像效果一般,0
手动功能很全面,1
价格实惠,1
机身质感差,0
成像不突出,0
最重要的镜头和没有变化并且价格更加便宜,0
它的机身尺寸更加小巧,1
的手感相当不错,1
照片质量都比较令人满意,1
手感光滑,1
的整体做工十分考究,1
机身浑然一体,1
这块屏的色彩还原性比较突出,1
变焦迅速均匀,1
对焦速度相当快,1
在高下画面颗粒感很严重,0
感觉室内拍摄效果不是很好,0
其机身大小适中,1
电池的续航能力不错,1
但是其续航能力的确非常强,1
价格太高,0
图像处理时间过长,0
而且数据存储速度较慢,0
发现测光系统非常灵敏,1
这样的显示方式无疑更直观和方便,1
手柄有些偏小,0
左右的价格比较合适,1
只是液晶屏小了点,0
实际使用中显示效果一流,1
成相质量好,1
拍的照片很漂亮,1
作工好,1
发热量大,0
寸万像素的超级晶彩屏视角非常宽,1
而且色彩鲜艳反差略大,0
电池巡航能力相当不错,1
回放速度非常快,1
外观并无出色设计,0
塑料卡口的缺点是耐用性差,0
机身高度也不如尼康的一些机型来得高,0
体积小巧,1
手感细腻,1
做工非常的精致,1
图象非常清晰我就更加爱不释手了,1
操控性能良好,1
图象色彩艳丽,1
还原效果理想,1
原装电池容量较小,0
手柄宽大厚实,1
握持手感相当好,1
的启动速度不快,0
画制非常不错,1
比如画面比的就要强,1
而这款尼康的还原性非常好,1
功能全面,1
录象功能很不错,1
画面清晰,1
录音效果很好且没有时间限制,1
最最值得一提的是体积很小巧,1
外观精美,1
还有就是价格比较合适拉,1
现在这个价格也算是很划算的,1
色彩还原鲜艳而不失真,1
图像细节丰富,1
锐度强,1
存盘速度都比较理想,1
微距性能极佳,1
在比较暗的地方其对焦成功率仍然很高,1
相机很漂亮,1
相机右部的握柄部位手感极佳,1
体形较为小巧,1
的外观设计整体来说还是比较简洁,1
其背部设计相当明快,1
图像细腻程度较高,1
市场价格要比主流的和高出一些,1
开机速度快,1
快门速度较慢,0
开机奇快,1
光圈大,1
画质特别好,1
广角变形十分严重,0
是反应慢,0
微距很弱的,0
的配件奇贵,0
液晶屏明显变暗,0
原装皮套同样很傻,0
目前来说性能价格比很好,1
的功能确实强大,1
传输使用中速度也确实不错,1
外形优美,1
表面橡胶材质持握舒适,1
快门手感良好,1
手动功能齐全,1
成像质量较好,1
紫边不算明显,1
全中文菜单设置层级合理,1
后期成本较低,1
摄像画面质量很好,1
连拍效果较好,1
微距效果无可挑剔,1
分辨率偏低,0
的瞬时连拍功能分辨率偏低,0
体积不大,1
清晰度都不错,1
色彩也比较中性,1
试了几次开关机感觉启动速度还比较快,1
所以在近距离用闪光灯照出的照片亮度过大,0
相机最大缺点就是耗电比较大,0
不过能使用碱性五号电池也是优点,1
电池够强劲,1
手动功能也不错,1
寸又大又亮,1
体积不大,1
价格便宜,1
广角才显得遗憾,0
手感挺好,1
机身小巧方便携带,1
功能齐全,1
菜单操作相对复杂,1
反映速度较慢,0
电池比较不耐用,0
对于这样小巧且重量很轻的相机来说,1
且拍的图像鲜艳很饱和,1
格式的录像效果我感觉也很满意,1
但精度不高,0
亮度偏低,0
录音的效果也一般,0
噪点很多,0
的成像固然不错,1
还有近拍能力也很弱,0
所以标配的的拍照持续时间一般,0
的机器操作也很简单,1
相机的成像质量好,1
它的微距更是让人得心应手,1
效果非同一般,1
取景十分方便,1
反应稍显慢,0
价格不菲,0
速度很快,1
白平衡模试比较多,1
还原性还是不错,1
反应速度也不错,1
液晶屏也很俱人性化,1
价钱便宜又通用,1
机身材质脆弱,0
外观显得大,1
这是一部价格优惠,1
拍照效果还算可以,1
这款机子外形比较小巧,1
拿起来手感也不错,1
画面显示效果很好,1
并且它的拍摄模式也是非常的多,1
操作界面也很方便友好,1
它的噪点控制的不错,1
成像质量挺好的,1
画面柔和细腻,1
夜景拍摄都挺好,1
电池也还可以吧,1
而且长焦端成像质量一般,1
相机反应速度有点慢,0
菜单设计比较合理,1
色彩还原还是很准确的,1
颜色很艳丽,1
总体色调偏暖,1
色温较低,1
画面偏黄,0
广角照片非常清晰,1
画面锐度好,1
光圈不是很大,0
镜头畸变控制的比较让人满意,1
广角表现就差了些,0
画面色彩有些淡,0
层次感也差了些,0
画面颗粒感较重,0
高下噪点明显,0
这样的速度应该是相当快的了,1
金属卡口密实,1
高感光度实用,1
使对焦点选择等操控更加便捷,1
条件下相机的自动白平衡还原能力仍然欠佳,0
理光的技术参数是非常诱人的,1
速度够快,1
性价比较高,1
配置厚道,1
的做工却很精细,1
质量稳定性堪忧,1
寸够大,1
显示效果不敢恭维,0
防滑性能非常好,1
外形小巧,1
镜头小了一点,0
光线有点暗淡,0
设计更具流线型,1
但手感依然保持良好,1
屏幕实际显示效果较佳,1
的对焦速度还算可以,1
紫边较少,1
耐用度有限,0
对焦速度快,1
电力的确非常充沛,1
机背上的按钮也过于集中,0
但是画面显得有些粗糙,0
色彩还原相当准确,1
惊艳的外观与轻薄的设计,1
暗部细节表现不是很理想,0
所以机身很轻薄,1
拍摄的时候稳定性欠佳,0
憨厚的外观十分惹人喜爱,1
但是实用性却毋庸置疑,1
作为新品硬件不错,1
效果很好,1
技术指标高,1
附加功能多,1
整机反应速度比较出众,1
手感很差,0
但是相应的内存卡占用也很大,0
系统的技术是先进的,1
体积小巧,1
图象质量很好,1
操控方便,1
功能键布局总体合理,1
预设的模式多,1
屏幕很清楚,1
机身很坚固可靠,1
电池时间长,1
外观设计感觉没有专业,0
实用性一点不差,1
较轻的重量源于没有了的全天候密封金属机身,1
的液晶屏还原色彩真实,1
对比度高,1
电量消耗比过去更少,1
但续航能力依然不弱,1
而且环的宽度不够,0
操控不太方便,0
手感不好,0
但变焦阻尼较大,0
的苗条身材,1
机身给本人感觉就是手感顺滑,1
背面的操控界面设计得简单明快,1
秒的开机速度着实让本人吃惊,0
优势十足镜头通光量充足,1
其他操控手感偏于生硬,0
个人感觉它的光圈值域太小,0
只是操控起来略显繁琐,0
功能局限,0
电耗厉害,0
实用功能强大,1
拍得照片不错,1
局部做得比较粗糙,0
保留了广角还是很吸引人的,1
不过个人感觉金属饰条没有的精致,0
感觉开机速度不错,1
快门时滞在同类产品中也是很低的,1
镜头焦距也缩短了,0
菜单设计比较合理,1
多元化的设置有更大的选择余地,1
色彩还原还是很准确的,1
颜色很艳丽,1
广角照片非常清晰,1
画面锐度好,1
光圈不是很大,0
可玩性相当高,1
广角表现就差了些,0
画面色彩有些淡,0
层次感也差了些,0
画面颗粒感较重,0
价格合理,1
套头比要强多了,1
电池强劲,1
续航能力强,1
快门寿命大,1
取景器小,0
虽然画质还不错,1
反应速度极快,1
因为功能较多,1
尽管的画面已经非常细腻了,1
耐用型和取景亮度稍差,0
机身小巧,1
色彩效果比较柔和,1
液晶屏幕的响应时间非常迅速,1
画面流畅,1
电池的持续性比较好,1
英寸液晶屏似乎有点滞后,0
富士的机器同等下效果确实比其他没做技术优化的竞争型号要好一些,1
色彩还原鲜艳而不失真,1
图像细节丰富,1
锐度强,1
存盘速度都非常理想,1
微距性能极佳,1
相机右部的握柄部位手感极佳,1
场景模式过多,1
上显示的拍摄信息不够全面,0
电力不够强劲,0
但是其电池续航能力依然一般,0
手感在消费端算是相当不错了,1
万像素翻转清晰度不错,1
本人感觉它的紫边抑止能力不错,1
如此的续航能力算是相当不错的,1
此处的人性化设计值得赞赏,1
不仅成像清晰度高,1
而且锐度也不错,1
速度非常快,1
的手动功能还是挺丰富的,1
虽然清晰度不错,1
存储较慢不知道为什么用了卡,0
这无论是读取还是写入的速度都不像卡快啊,0
而且视频的效果很差,0
而且电池毕竟还是不太经用,0
　外观比较差可能是个人眼光问题吧,0
感觉上总觉得的模样长得惨了点,0
感觉的开机速度并不快,0
外观沉稳大气,1
的整机做工很不错,1
的画面给人的第一感觉就是鲜艳锐利,1
佳能的长焦端品质也不错,1
这个画面表现还不错,1
显示效果不错,1
不过这块看上去不够鲜艳,0
可视角度不大,0
对焦速度和存盘速度一般,0
的内部降噪程序效果非常明显,1
自由度稍显不足,0
的内部降噪程序效果非常明显,1
超微距下背景虚化效果较好,1
色彩还原表现准确,1
可玩性还是相当高的,1
续航能力偏弱,0
的快门时滞较短,1
有时使用不便,0
的变焦是最快的,1
的对焦速度令人满意,1
在弱光下的对焦速度也相当不错,1
的功能是众多七百万像素机型中最丰富,1
卡价格较高,0
的对焦准确性相当好,1
的噪点控制的很好,1
整个画面非常干净,1
的电池性能也只能算一般,0
且较大,1
外观采用银色给人一种时尚的感觉,1
短片模式也比较吸引人有,1
场景模式比较多,1
外形尺寸比较大,1
尺寸太小,0
发现拍摄效果颜色略微偏暖,0
但做工是很精细的,1
可以使用的存储介质非常丰富,1
微距处理做的不错,1
操作很方便,1
倍的光学变焦显得有些不足,0
人物脸部色彩偏暖,0
曝光有些不足,0
外型坚固,1
做工良好,1
握持稳定,1
画质优异,1
锐度很好,1
色彩还原真实自然,1
锐度好,1
电池性能不错,1
操作方式过于繁琐,0
按键过多,0
高时躁点增加明显,0
等待照片写入存储卡的时间太长,0
机身做工在同档次产品中比较出众,1
整体成像表现一般,0
大大的镜头虽然在一边,1
录音效果还算可以了,1
把短片在电脑上播放时图像很清晰,1
流畅度表现相当好,1
声音也不错,1
两个录音孔的效果我感觉还可以,1
英寸的液晶屏一是有点小,0
二是回放照片感觉效果一般,0
拍摄动态短片容量太大,0
拍摄的照片在室外光线好的条件下表现非常好,1
取景比较方便,1
开机速度还可以,1
设计别致,1
外观小巧,1
机身圆滑流畅,1
镜头开启方式独特,1
电池使用时间长,1
但是价格比较高,0
传输速度过慢,0
采用的自动白平衡效果不佳,0
实际使用中在光线不足时拍摄照片有时会出现色调不准的现象,0
拍摄出的照片发虚,0
纯黑色涂层显得非常高贵,0
机身整体设计合理,1
操作手感好,1
机身重量适中,1
手柄大小适中,1
微距成像能力虽然较强大,1
使用拍摄的照片十分细腻,1
的微距性能相当不错,1
而且在微距状态下对焦速度飞快,1
虽然的机身很薄,1
但是整个机身比较光滑,1
颗粒感相当明显,0
色彩过渡也不尽如人意,0
成像锐度不甚理想,0
画面的整体感觉偏软,0
细节捕捉能力也一般,0
色彩不够通透,0
后面版设计不是很好,0
右边面积太小,0
手握相机手感非常舒服,1
但其质量轻,1
而且由于机身小巧,1
而且相机成像的质量也不错,1
菜单设计也很直观,1
倍光学变焦的镜头让人很是喜欢,1
但卡价格昂贵,0
手感非常好,1
拍摄功能比同档次的机器全面,1
设计出色,1
键位合理,1
电池续航能力强,1
暗环境下对焦犹豫不决,0
对焦速度也偏慢,0
最长焦端解像能力比较差,0
噪音控制得不好,0
人机界面非常人性化,1
小巧机身蕴涵了五百万像素的和三倍光学变焦镜头,1
机身重心设计不佳,0
快门按键面积过大,0
成像质量不佳,0
微距摄影时对焦速度较慢,0
视频拍摄功能不够强大,0
预设的摄影模式也十分有用,1
机器外形很漂亮,1
加工也很精致,1
价格也不低,0
机器的变焦反应速度很慢,0
效果也不错了,1
躁点控制也不大好,0
英寸屏幕达到了今年的主流,1
机身做工十分精亮,1
部分技术参数差强人意,0
较为丰富的功能以及全金属机身是其最大的两个特点,1
前面板细腻的金属拉丝样式使这款相机看起来不乏典雅高贵之气,1
但其控制景深的能力还是令本人满意的,1
况且其手感也不能令人完全满意,0
超长的电池寿命是,1
噪点控制也非常好,1
机体小巧,1
成像质量高,1
选单设置丰富,1
近摄能力强,1
到以及夜景的效果也不错,1
屏并不觉得小,1
手动能力弱,0
快门时滞稍长,0
录象短片功能小,0
变焦操作也稍显困难,0
的菜单做得不够友好,0
但显示效果非同一般,0
这个功能对于初级使用者来说相当实用,1
景深虚化能力较弱,0
可能效果不是很理想,0
屏幕色彩过于艳丽,0
耗电量比较大,0
而且发热量大,0
失真比较厉害,0
噪点比较多,0
噪点也很突出,0
倍光学变焦效果也很好,1
另外的色彩还原我觉得也可以,1
机身材质太次了,0
手感好得多,1
毫米左右的机身厚度不算很薄,1
毫米的焦距也很标准,1
效果马马虎虎,0
先进对焦系统也得到了保留,1
机器反应速度更快,1
画质也有进步,1
英寸实在太落后了,0
经济性毋庸置疑,1
的画质已经提升了很多,1
他的色彩在柯美中尚算一流,1
位于镜筒左侧的键是这款相机的一个特色,1
这款相机快门值域相当宽泛,1
照片的存储方式是这款相机的又一大特色,1
笔者发现该机成像颗粒比较粗糙,0
档位丰富,1
画质出众,1
色彩鲜艳,1
饱和度高,1
光圈性能出众,1
紫边很不爽,0
耗电巨大,0
拍室内流水及夜景有时效果难以完美,0
同时因为高感光度使得画面颗粒较大,0
噪点还是略略多一些,0
云彩以及一些颜色对比较弱的物体对焦速度较慢,0
比较小巧的机身配合索尼一贯的精良做工,1
锐度还是显示速度都很令人满意,1
白平衡的调节方式较少,0
微距性能不突出,0
不仅取景屏明亮,1
层次较为分明,1
画面依然干净,1
过于艳丽,0
效果十分理想,1
画面的整体色调稍微偏暗,0
照片画面也很干净细腻,1
闪光灯的充电时间较慢,0
外观小巧时尚,1
厘米的厚度设计在非潜望镜式的卡式相机中是决无仅有的,1
金属银拉丝的外观设计不仅使其更加显得时尚精巧,1
实际拍摄效果还算是比较令人满意的了,1
能在如此小巧的机身中藏下如此丰富的功能确实也是难能可贵的,1
液晶屏较小,0
且分辨率很低只有,0
实际使用中感觉颜色比较偏暖,0
画质细腻,1
画面也不太锐利,0
价格便宜,1
性价比很好,1
寸显示屏也是在同档次价位相机中比较大的,1
外观工艺不错,1
成像清晰锐利,1
色彩还原准确,1
夜景在灯光较好的环境下即使手持拍摄也基本满意,1
最大的遗憾就是感觉人像效果颗粒感有些重,0
超微距对焦速度偏慢,0
拍摄模式不够丰富,0
奥林巴斯的外形做得非常有特色,1
机身平整光滑,1
显示效果非常出色,1
色彩还原也比较准确,1
的实际拍摄速度还是令人满意的,1
拍摄速度比较快,1
它的对焦速度较快,1
的成像质量在卡片相机中属于不错的水平,1
成像的质量都比较高,1
所以手感不是很好,0
拍摄速度在光线好是不错,1
的对焦比较慢,0
大镜头大变焦,1
微距模式就是酷,1
价格比贵,0
闪光灯简化了,1
这个产品的外观还可以吧,1
而且售后服务也比较差一些,0
看起来质量很一般,0
这款产品太不尽如人意了,0
体积小巧,1
性能参数也不容忽视,1
按键布局也较为合理,1
操作时手感很好,1
画面的色彩偏冷色调,0
整体效果一般,0
这个设计实在是很不方便,0
镜头很实用,1
调节也比较方便顺手,1
性价比低,0
电池比前者贵很多,0
成像色彩很一般,0
启动速度慢,0
取景器也根本看不清楚,0
写卡速度慢,0
取景器里面图像颗粒粗糙,0
感光度设置不当,0
外观线条流畅,1
整体造型比较美观,1
这些性能很多在当时刚刚出品是都是最强的了,1
拍摄出来的相片效果相当不错,1
效果也不错,1
一般都可以拍出来效果不错的照片,1
由于体重不够重,0
但是可选择的分辨率太少了,0
对卡的兼容性一般,0
拍摄短片有一个小小的遗憾就是,0
成像优秀,1
色彩艳丽饱和,1
对焦速度快,1
功能完善而强大,1
手动功能完整齐全,1
人机界面友好,1
操作响应速度快,1
细节表现能力一般,0
界面依旧那样简洁明了,1
各项功能调用起来也同样快捷迅速,1
后者视野更为开阔,1
在上存在的操控按键手感偏硬的问题在这里依旧存在,0
它的开机启动速度较慢,0
成像质量不错,1
宽容度小,0
测光很麻烦,0
曝光锁定钮太不方便,0
防潮性能不好,0
粘贴的牢靠度太差,0
外观小巧,1
性能趋于专业化,1
成像质量不错,1
噪点控制得很好,1
光线明暗度掌握得比较到位,1
按键布局合理,1
抗眩光能力较差,0
成像好,1
感光度实在有限,0
用下来发现拍的画质比较锐利,1
声音还原也比较真实,1
光学变焦速度比较慢,0
快门速度低,0
及光线充足的环境下拍照色彩还原非常好,1
微距拍摄效果非常好,1
夜景拍摄效果不够好,0
虽然可连接电脑当摄像头使用但效果非常差,0
画面跳动大,0
随机附送的相机吊带金属环扣太长使用时老是与显示屏相碰易划花,0
价格低廉,1
性价比极高,1
对焦速度偏慢,0
夜景拍摄效果欠佳,0
作为高画质摄像机来说总体质量很轻,1
松下机器的电池一直是为人们所津津乐道的,1
光学变焦倍数太低,0
液晶屏像素较低才,0
实际拍摄感觉色彩艳丽,1
锐度较高,1
拍摄质量非常好,1
层次感强,1
方向性较强,1
效果明显,1
图像稳定清晰,1
防抖效果较好,1
此机功能较多,1
色彩还原尚可,1
但清晰度较差,0
照片质量较好,1
手动功能较差,0
但调节范围较小,0
颗粒较粗,0
色彩较实际输出浓艳,0
且设置项目较多,1
此机的编辑功能较强,1
实用性较差,0
外形亮丽,1
性价比偏低,0
配件的价格偏贵,0
外形倒是不难看,1
性价比也不怎么样,0
存储照片速度非常快,1
对焦速度比较快,1
焦段相当长,1
测光准确,1
逆光性能优秀,1
紫边现象控制得不够理想,0
电池续航能力不强,0
成像要比同档次边角头好些,1
结构难免复杂,0
倍变焦施奈德镜头的参数就有些缩水了,0
此外的使用成本也不低,0
电池不是很耐用,0
但液晶屏幕效果还是出众,1
整机手感也不错,1
短片占用存储卡空间偏大,0
的这款液晶屏将会非常方便,1
售价偏高,0
配合黑色的机身显得非常高贵典雅,1
其轻薄时尚的外观即使是与一向以时尚相机而著称的日系品牌比起来也毫不逊色,1
虽然指标并不出众,0
一个比较人性化的设计就是机身和底座都会在充电时显示进程,1
速度较快,1
而的短片拍摄功能也是很强的,1
画面干净,1
电池的续航能力有点不太理想,0
但是电池实在不耐用,0
电池不耐用同样是致命的缺点,0
整体画面的亮度非常出色,1
在模式下拍摄的照片依然比较细腻,1
菜单分类清晰并且操作简便,1
机身肥大,0
配件少,0
造成录像时间太短,0
屏幕尺寸偏小,0
图像质量不佳,0
颜色失真,0
是目前功能最强的倍光学变焦数码相机,1
佳能的机身非常小巧,1
虽然的功能相当全面,1
但操作起来一点也不复杂,1
显示效果出色,1
按键布局更加合理,1
手感也不错,1
抓拍方面表现得也尤为出色,1
开机速度快,1
但是纹理较细,1
闪光灯弹起高度略显不够,0
颗粒感还是要稍微重一些,0
技术参数醒目,1
电池疲软,0
也许机器本身功耗偏高也是现在这种情况的起因之一,0
如此奢华的配置展现出强劲的性能,1
外形设计考究,1
做工精细,1
整体机身变得更加圆滑,1
取景的舒适度提高不少,1
突起部分起到了很好的握持支撑,1
包覆性好很多,1
佳能在机身细节部位要比二代用心很多,1
使得防滑性更好,1
的机顶液晶屏更大,1
操作上更方便了,1
对焦模式也丰富很多,1
寸万象素的液晶屏有点落伍了,0
但是显示效果还算不错,1
对焦速度并没有广告中的那么神,0
机身高感表现还算不错,1
的这枚镜头分辨率很出色,1
边角画质也很好,1
体积太大,0
机身加镜头的体积也略大,0
画质是相当不错,1
佳能中庸的色彩和较小的反差度的照片风格适合绝大多数人的口味,1
觉得这款机器非常好,1
速度不错,1
但的性能略低一些,0
手感操控性能画质已然全面落后,0
手感一流,1
握持感很合适,1
机顶塑料部件厚实有质感,1
点对焦够用,1
先对焦后构图速度太慢且容易焦点偏移,0
转轮和八向键比较好用或许是因为我没有尝过摇杆的厉害吧,1
卡插槽足够用,1
套头性价比高,1
色彩浓郁透亮且锐度较高,1
功能很好玩,1
的解像度可能很高,1
但是颗粒感太重了,0
在试机的时候已经觉得的外形用在手上比看图片要帅多了,1
大而通透的莱卡镜头实在是很帅,1
这样的设计也挺合理,1
装卸都很方便,1
它的功能上的确有些不足,0
松下出来的图片的比对度的确有点不够,0
色彩不偏差,1
屏幕更是出色,1
的体验比更加华丽,1
软件也是基本上够用,1
但是好在无线充电非常好,1
但是后来觉得操控上和手感上会威武很多,1
强大的对焦系统,1
当然考虑到价钱方便现在的价格很不错,1
机身很大,1
不过机身还是很薄的,1
屏幕漂亮,1
外放音乐效果差强人意,0
为什么照片这么小,0
机子挺沉的,0
按键镜头等做工不错,1
广角端边缘锐度不行,0
色彩不够鲜艳,0
倍的拉近感还是不错的,1
想问问为什么卡西欧的照片这么小啊,0
屏幕真耗电,0
网络上许多讨论与画质测试依然相当出色,1
功能也比强了不少,1
　　除了价格比较高一些,1
胜在机身质感佳,1
机身规格比其相近等級之与好上一些,1
照相机号称,1
整体感觉还可以,1
机身质感佳,1
观景窗視野非常明亮,1
色泽与可视角表现也佳,1
照片成象色泽自然柔和,1
细节表現出色,1
机身按钮与功能选单,1
画质偏软,0
对焦速度偏慢,0
细节较多,0
改成之后虽然画质变好,1
档案算蛮小的,1
机器手感偏轻,1
本人现在用的感觉不错,1
入手水货质量一般,0
外观专业,1
手动功能丰富,1
对可以拍摄夜晚灯光和运动物体效果很好,1
镜头覆盖广,1
还原人像很好,1
长焦端光圈显得小了些,0
噪点控制不错,1
简单说功能较全,1
广角很爽,1
奶昔的操作界面还是比较友善的,1
高感非常好,1
完全甘拜下风没办法我太喜欢了所以喜欢用做比较,0
的成像要比奶昔结实,1
优势完美的外形,1
同等价位中最好的套头,1
紧实的成像想不到形容词只想到了紧实,1
劣势面积偏小,0
高感不佳,0
都说可视角度差,0
耗电量比屏幕的还高,0
散热不是很好,0
系统优化的不是很爽啊,0
软件的人性化一般般,0
做工设计堪称一流,1
画面细腻,1
屏不比屏差,1
这优化也太无语了,0
优点高感很不错,1
画质比较细腻,1
很好用,1
商业拍摄比较方便,1
中间对焦很准很快,1
静音快门很实用,1
缺点坑爹的白平衡,0
直出涂抹严重,0
完全够用了,1
测光好像也要好那么一点,1
也完全够用,1
机器真的很漂亮,1
转盘控制轮的位置有点尴尬,0
这回对焦速度变慢了,0
机器内置的闪光灯也颇令人意外,1
我对于的最大感受就是显示器的显示效果太出众了,1
在显示器看的图片色彩异常的好,1
打开包装确实有种惊艳的感觉,1
麦克风和音量键的设计的确不合理,0
整体机器比较大气,1
各项性能比较均衡,1
整机重量不是很重,1
电池续航也很不错,1
配备的套头无论是还是成像都算可以,1
显示屏显示效果出众,1
闪光回电有些慢,0
方向键的键程较短,0
这是一台不错的单反,1
可是Ⅱ重量偏大,0
另外价格也有些偏高,0
外观很靓,1
充电速度挺快,1
运行正常,1
游戏画面动态效果均不错,1
手动峰值对焦确实不错,1
在上很不错,1
直出比差,0
的直出色彩是最好的,1
前所未有的速度和流畅,1
其实自带播放器音质很好了,1
总体上感觉还不错,1
对焦没有想象那么糟糕,1
索尼一向功能强大,1
夜景出片很锐,1
测光有点不太给力,0
两个取景器都不错,1
小的参数很齐全,1
我的用起来顺手,1
重量和大小非常,1
双面玻璃质感没有想象中的好,0
可视角不算小啊,1
的做的不错,1
特别是那些快捷小工具很方便,1
相机挺给力的,1
成像很好,1
触感舒适,1
菜单界面也很友好只是说明书比较难看懂我认为编写者水平实在太差,1
机器对焦准确合焦坚决,1
出片效果色彩深沉浓郁,1
高感绝对强大,1
色彩搭配和谐自然,1
做工算比较精细,1
系统及软件应用系统简单易用,1
实际到手后发现画质相当好,1
金属机身做工很好,1
但机身背面的按钮和多功能转盘做工很不好,0
开机关机很方便,1
但是开机速度很慢,0
它的触屏做的就非常敏感,1
我认为目前的应用已经非常丰富了,1
但切换的敏感性不高,0
其色彩还原度图像的清晰度防抖动的效果和在低照度下的拍摄都不错,1
经过比较后觉得性价比高些,1
总的来说还是不错的,1
软件运行也很快,1
旁轴取景器的放大率小的可怜,0
手感很差,0
手柄太小,0
结构复杂度能降低些,0
但是本身做的不怎么好,0
全画幅配上超广的感觉的确很舒服,1
画质的话比起我觉得有很大提升,1
机子相比觉得还轻了点,1
实际用下来觉得中心对焦点非常准,1
亮点是,1
总之我觉得还是相当不错的机子,1
画质又不错,1
机身小巧便于携带,1
颜色也很讨好,1
在我看来一切都很完美了,1
待机很满意,1
分辨率虽然低,0
但实际显示效果很棒,1
目测对焦速度慢于,1
中央五个对焦点很暴力,1
外观小巧但有质感,1
屏幕颗粒感不严重,1
对焦迅速准狠,1
这个头的对焦性能并不好,0
在此机上对焦迅速,1
的手感特别好,1
后来熟悉后就发现尼康的按键设置的还是比较合理的,1
连拍的威力真的很爽,1
点的对焦着实很猛,1
很轻便,1
对焦的速度上并不是很突出,0
曝光正常,1
尼康的操控性要强些,1
拍出人物的皮肤较硬,0
机器本身的音质不错,1
成像质量不错,1
塑料感很强,0
这机的性价比可以说得上极高的了,1
高感性能强大,1
亮骚的外形,1
对焦的确非常非常慢,0
就说下设计上的不足,0
对焦确认功能的确非常好用,1
附带的解软件解出来的效果非常差,0
我认为这款机是完美的,1
对焦好,1
焦点实,1
画面颗粒感较强,0
视野广,1
画面比细腻,1
对焦精度太差了,0
我手持拍摄的出片率较低,0
高感优异,1
对焦优异,1
夜景手持真的很吃力,1
机子发热情况一般,1
顶级机身性能,1
操控对焦都很给力虽然有的镜头个对焦点不能都发挥作用但是也很好了,1
实用性很好,1
高感也不错,1
富士机表现尚好,1
直出很好,1
机宽容度很好,1
对焦很快,1
效果应该也不错,1
机身很小,1
手柄也太小,0
富士的非常差,0
握持感真的很棒,1
外观也比好看,1
做工细节真的很不错,1
稳定的信号,1
不主流的顺滑系统,0
不主流的华丽外表,0
外观变丑了,0
其实拨杆真的很好用,1
现在的按键用起来不爽,0
左上角的拨盘看上去仍然很幼稚,0
成像显著提升,1
现在的清晰度很好,1
效果还不错,1
视频画面很棒并且还可以裁切,1
对焦变得很爽了,1
追焦很到位,1
屏幕变大变更清晰了,1
浏览图片很爽,1
键的设置科学合理,1
的显示屏好多了,1
界面华丽,1
照相也比好,1
听筒声音够大,1
电池比差些,0
操作起来比稍差,0
更人性化些,1
声音键太轻,0
系统功能软件似乎很复杂很多,0
第一个感觉就是比卡片机好太多,1
高成像的质量比卡片机好太多,1
分辨率也高,1
那种细腻的感觉的确很赞,1
锐度高,1
虚化好,1
但是像素比较低现在觉得我完全不需要高像素这点下面我会解释,0
分辨率高,1
画质出色是毋庸置疑的,1
拍出来的清晰度还没有高,0
对焦速度慢这个完全不能和单反比啊,0
便宜好用的自动镜头少,1
感觉对焦速度很快,1
就是软件确实有点少了,0
做工比扎实很多,1
功能相当的多,1
设置相当的细腻,1
多重曝光非常好玩∩∩哈哈,1
对焦点那个多啊,1
白平衡和颜色超准确的,1
但我却很喜欢真实的色彩,1
基本上同各位同学的感觉是一样的运行流畅,1
屏幕显示效果突出,1
的做工还是相当出色的,1
感觉机子更惊艳了,1
就是的系统操作有些地方不简洁,0
待机时间不长,0
有些游戏可能运行很吃力,0
我的有些朋友也说界面很丑,0
直观的界面,1
外观既没有时尚,0
也没专业,0
镜头是不错,1
可是定焦也太小气了,0
电池坑爹,0
尼康会继续大力发展系列了另外体积比小也算是的优势吧,1
真机重量比上一代轻了很多,1
但是的触屏体验看起来还不错,1
再加上佳能的客服挺好的,1
这块防爆膜可能很坚固,1
居然发热控制得那么差,0
软件就算不是全高清的,0
操控的流畅性比差不少,0
优点机身结实,1
功能强大,1
画质很好,1
色彩还原真实鲜艳,1
操作性强,1
这机身重量还是偏沉,0
反应速度快,1
画质也好,1
机身做工不错,1
带碎花纹的背盖很薄,0
但手感不错,1
的流畅度很棒和有的一拚,1
完美屏,1
可视角度还行,1
主观感觉读写速度不错,1
结果对焦和色彩让人失望,0
另外高感也差很多,0
感觉以为代表尼康新机色彩趋向明艳,1
侧滑有点松,0
外放声音很小,0
主要是高清视频录制清晰度差,0
的手感应该比较好,1
外观上比较小巧时尚,1
要说外观还是给力的,1
另外就是我后面要说的由于系统垃圾,0
软件垃圾导致的费电,0
音效应该还算可以,1
视频播放也很流畅,1
优秀的手感,1
比尼康的手感都要好,1
系统的系系和系的摄像功能都相当强大,1
摄像画质好过同时期的佳能尼康的半幅机新上市的尼康那块东芝的感光元件听说更强,1
丰富的功能,1
但索尼强大的电子技术让其用户可以享受一些其他用户没有的新技术,1
是非常有前途的系统,1
人说这个机器的做工不好,0
信号不好,0
索尼的感光元件很出色,1
拍出来的照片色调有些奇怪,0
不过色彩还是比我之前用的松下好不少的,1
暂时还不够丰富的系统,0
目前还没有配的既小巧又足够强大的闪光灯,0
电源和音量键的手感实在差强人意,0
感觉那个音效增强功能很强大,1
不过超薄的设计还是很吸引眼球,1
小巧的高画质,1
画质优秀,1
对焦尚可,1
手感不错,1
最便宜的摄像机,1
操作更加便捷,1
松下的的触摸屏灵敏快速,1
配置相比小米要好的多,1
播放音乐放扬声器真的觉得丢人,0
在优秀的画质之上,1
是性能优秀,1
性价比上佳的机器,1
对焦比较快速准确,1
握在手里比尼康手感要好,1
屏幕非常赞,1
分辨率高,1
系统非常流畅,1
通话质量很好,1
外放声音有点小,0
但内放音质很好,1
手机大小适中,1
手感很好,1
当然后壳有点软,0
但又感觉机器太大太重了,0
价格对我来说也贵了,0
照片效果也很好,1
首先机子比较小,1
另外就是分辨率确实弱了点,0
触控还算灵,1
信号强,1
声音比较大,1
个人认为地图不怎么实用,0
系统流畅度还行,1
页面滑动很顺,1
佳能貌似工业设计很一般,0
防尘不好,0
下面的金属质感很强,1
成像优秀,1
操控优秀的个机子,1
翻转屏非常好用,1
单手操作方便,1
感受屏幕分辨率不错,1
阳光下清晰度高,1
外形对于全幅机来说算是比较小巧,1
所以手感上面也比较不错,1
不仅保留了优秀的做工,1
的万像素全画幅传感器显得更加实用,1
的高感画质相当不错,1
配备的显示器显示效果比较真实,1
而且显示器的可视角度也不错,1
的宽容度不错,1
对于物品的质感的表现上也比较到位,1
在肩屏的信息显示量上也不够丰富,0
且目前售价也略高,0
材料做工质感非常差劲,0
屏幕亮度色彩都好,1
系统流畅不卡,1
质感太差,0
屏幕太大,0
但握持感更强烈,1
手感更好,1
同步音乐铃声照片视频比较麻烦,0
系统的漂亮界面,1
界面漂亮,1
连拍很给力哦,1
多帧降噪真的很不错都比我的的都好,1
拍拍分钟以内的视频真的清晰无比,1
屏幕真的很舒服,1
高感强大,1
前面的阻尼转圈很实在,1
好像油漆有点软啊,0
充电感觉不是很方便,0
变焦感觉有点慢哦,0
但是对焦真的很好,1
真的感觉的技术很强大,1
电池也如大家说的一样使劲折腾的话真是不怎么耐用,0
的样子见仁见智了,0
屏幕大,1
而且反应好快,1
另外的信号也不错,1
的金属听筒也很牢固,1
我觉得的机身手感很不理想,0
以前很多人都说的机身差,0
塑料感强,0
密封不好等,0
画面细腻,1
英伟达还不错,1
屏幕画质很好,1
可视角度很大,1
整机手感很棒,1
整体不错,1
画质优秀,1
画质出色基本可以肯定,1
高表现出色,1
可用范围宽,1
高清摄像,1
分辨率还比尼康的高,1
使用感受运行还算流畅,1
就是屏幕的显示效果一般,0
文字显示不是很清晰,0
打电话声音还比较清晰,1
所以让人感觉塑料感稍重,0
采用了可翻转英寸万像素液晶屏显示效果出色,1
重量较轻,1
个人感觉这个设计非常棒,1
合焦精准,1
快门响应迅速和干脆,1
视野率取景器明亮,1
景深表现也不错,1
使用机身背布的八方向功能转盘调整对焦时响应速度快捷,1
的测光准确,1
在使用机身闪光灯对被摄物体进行补光时闪光灯回电速度过慢可能是全输出的原因,0
佳能作为元价位的中专端机其性能还是非常优秀的,1
良好的高表现,1
全高清视频拍摄功能等众多亮点再加上元区较高的性价比,1
和还是比较细腻的,1
配件不多,0
而且定价太高了,0
软件不太好使,0
而且使用速度狂慢我用的是苹果一体机,0
网的信号一般,0
用的时候快门声音很怪,0
画质素质不俗,1
值得一提的是的功能也很好的,1
操控绝对是蛮专业的,1
还有几个试用者也表示这个光圈环很是舒服,1
信号链接不好,0
机子的电池不行,0
光线好的时候照片质量很高,1
总体噪点还是不少,0
补光灯强度也偏低,0
总体效果其实很不错,1
电池续航不错,1
整体操作非常方便,1
外观来看很大气,1
开机慢大概秒以上,0
自动对焦较慢,0
手动对焦更慢一些,0
存取慢,0
微距自动对焦较慢,0
价钱不算低,0
系统运行流畅,1
软件应用比较丰富,1
手机外观一般,0
做工还将就,1
屏幕显示效果不错,1
总体说显示效果满意,1
闪光灯亮度不够,0
电源一般,0
充电确实很慢,0
散热不好,0
性价比还可以,1
居然带简单的手动模式,1
而且的噪点控制居然比强大的多,1
我的就是最小的暗部噪点也清晰可见,1
带的高清摄像,1
噪点也低,1
导致传声音质很差,0
拍照功能比较复杂,0
上网很慢,0
下载软件也很慢,0
开机速度快,1
广角端变形控制好,1
做工很好,1
快门延时稍长,0
速度快,1
搜星定位快,1
通话质量也不错,1
镜头确实比较强,1
大光圈的虚化效果非常好,1
机内直接出片画质不错,1
对焦速度很快,1
夜景画质很一般,1
个对焦框太大了,0
电池续航能力一般,0
风景摄影表现一般,0
镜头素质比较高,1
觉得电池续航能力很一般,0
艺术效果拍摄时拖尾严重,0
此机配置更高,1
的做工较为出色,1
机身接缝紧密,1
前部哑光磨砂喷漆,1
的体型很小,1
机身按键基本合理,1
使用一块万像素英寸的液晶屏显示效果不错,1
亮度还是偏低,0
外观还可以,1
信号差,0
做工一般,0
机身缝隙稍大,0
还是的操控好,1
对焦速度一般,0
成像效果还成,0
对强光源的处理不好,0
总体来说三星的产品还是不错的,1
略显方正长方形做工紧密手感舒服,1
屏幕表面相对光亮一点,1
重量较重一点,0
但本人觉得手感不错,1
显示效果当然是胜出,1
而是系统自带操作按键屏幕显示空间相对就小了,0
虽显示不错,1
但反应度感观觉得不如的好,0
声音的也比大,1
效果比较厚一点,1
的稍微好一点,1
很多人说价格偏高,0
尼康工业设计还行,1
东西至少耐看,1
机子很轻,1
感觉很重屏幕很窄,0
就是没广告上的反应那么快,0
勿扰模式很不错,1
屏幕的色彩显示要比好上很多,1
我觉得真的是很不错,1
但是对焦速度够快够准,1
色彩还行,1
像质锐利,1
和像质好是好,1
对焦慢,0
手感极好可惜真是太小了是个袖珍的杀器,1
优点屏幕够大,1
分辨率不错,1
他也对荣耀的屏幕细腻度很惊艳,1
播放高清视频很给力,1
系统自带的播放器还挺好,1
流畅度不错,1
导航搜星超快,1
机器很漂亮,1
做工非常精细,1
优点自动对焦比快了太多太多了,1
取景偷拍成功率大大提升,1
相对自带的显示屏好太多了,1
镜头素质确实无可挑剔,1
且色彩十分讨喜,1
白平衡准确,1
高感给人的感觉很精细,1
从没想过徕卡的高感会做的如此优秀跟佳能尼康还是比不了了,1
电池续航能力很强,1
系列年不变的低调外形,1
屏幕太破了,0
价格相对昂贵,0
你会发现真心不错,1
字迹模糊,0
服务也不满意,0
表面喷漆和尼康的的那种梨皮漆相比还有点过于细腻,0
持握手感不错,1
菜单详细,1
初步感受机器很沉,0
液晶屏回放效果有点艳丽,0
刚开始电池盖装卸很费劲,0
显示效果和流畅度非常满意,1
这几天感觉通话信号很好,1
话音清晰,1
理论上控噪能力会提升,1
高感提高一档,1
配合键使操控能力提升,1
似乎码率不够,0
画面闪烁感较强,0
对焦太慢了,0
机身塑料感强轻,0
但我宁可这样也不要糟糕的做工,0
总体来说对的评价很差,0
我觉得满耐用的,1
呼吸灯准确无误,1
中央对焦点很快,1
屏幕很好,1
手机的键盘也很爽,1
成色比我的机好,1
的手感确实没有广告的图片那么好,0
而且照相的效果很一般,0
按键的手感也不好,0
另外感觉二者反应都很慢哈,0
系统确实很厉害,1
说下手感很给力,1
就是格式照片有点偏大本人用寸笔记本,0
简单后期照片导出时还是很慢,0
人脸识别很好,1
连拍够用了,1
还很山寨的后盖,0
优点外形总体来说很时尚,1
后盖防滑的喷漆手感很好,1
就是这样一台集便捷的操控,1
迅捷准确的对焦,1
但它给了我近乎完美的使用感受,1
由于使用了全新的对焦模块,1
不但拥有惊人的对焦速度,1
并且合焦精度非常高,1
而它极轻的快门声音和微小机震几乎是我所使用过的数码单反中控制的最好的,1
而这样一台在操控上近乎完美的相机,1
屏幕英寸不错,1
屏显还好,1
低感光度拍摄的图像犀利清晰层次好,1
色彩也鲜艳,1
遗憾和不足的是个对焦点的覆盖范围太小了,0
机器比稍重粗大些,0
其实他的外表确实做的没有漂亮,0
但是功能真的很实用,1
是绝的的性价比高,1
色彩未必比差,1
但的手感也是相当的给力,1
全景照片真的很爽,1
　　背面的镜头感觉提升了一些,1
充电速度很满意,1
　　应用仍然很给力,1
画面也惨不忍睹,0
操作完全够用,1
拍了几张追焦挺准我用的镜头是和痰盂由于马达的原因追焦速度和准确率明显高于痰盂,1
下拉开关很实用,1
屏幕比细腻,1
色彩较清淡,0
亮度比高,1
在阳光下看网页清晰的很,1
显示全屏白色均匀干净,1
电池还行吧,1
直出太差了,0
色彩太假,0
锐度偏低,0
对焦快,1
转换焦点非常方便迅捷,1
复杂光源下肤色表现非常好,1
对焦准,1
成像锐利样机上是的头,1
机身很大,1
握持感好于和无敌兔,1
度旋转液晶太好用了,1
触摸屏做得不错,1
视网膜屏幕名不虚传,1
运行流畅,1
反应时间极快,1
做工精细,1
前后玻璃屏手感极佳,1
各种应用软件非常丰富,1
拍照效果极其清晰,1
比出色,1
超过就会惨不忍睹,0
绝对胜出,1
速度快,1
效果好,1
难对焦,0
总结拍照很犀利,1
对焦快,1
效果好,1
连拍的声音很有,1
但是拍近景不是很得力,0
对焦速度还可以,1
跟踪对焦好象速度不太快,0
对焦框自由移动,1
屏幕显示出众,1
运行非常流畅,1
相机效果好,1
操作流畅,1
外形大方,1
佳能机器的操作风格都是大同小异的,1
操作够复杂的,0
英寸的给人的感觉实在是太完美了,1
可是很多照片在机器上看起来很清晰,1
不过这样带来的坏处是有时候看照片会很不方便,0
大小也正好,1
屏幕非常艳丽,1
屏幕触控性好,1
拓展功能丰富,1
可是它的机械性能又实在是不好,0
玩了半年就出掉了主要是边缘成像太差色散严重,0
它的做工确实精湛镜头也很漂亮就是一件工艺品,1
按说徕卡的镜头毋庸置疑那块索尼万像素传感器也很不错,1
窃以为还是徕卡的软件功底差了,0
金属背壳非常有质感,1
加上精良的工艺,1
也是很实用的功能,1
防打扰模式很实用,1
照片分享也给力很多,1
价格目前价格比较乱,0
无疑更坚挺一些,1
包装的质量也比较高,1
感觉比较小巧,1
制作工艺都不错,1
但质感非常好,1
工艺很精致,1
手感手感非常好,1
机身配重合理,1
单拨轮转盘在看片子时很舒服,1
机器手柄部位设计没有好,1
取景器单独列出来说是因为的取景器比同档次的要大,1
佳能在取景器上比较小气,0
大拨轮在浏览图片时比较爽,1
星头对焦速度更快,1
速度极快,1
快门很轻,1
振动小,1
则要干脆一点,1
佳能的照片很干净柔还是肉没听明白,1
其他的文件太大,1
虽然质量很好,1
的软件太滥了,0
的非常好用,1
功能强大,1
效率极高,1
防抖太强悍了我认为比的要强不少,1
出片成功率大大提高,1
就被如此宽阔的屏幕震撼了,1
通话质量还是可以的,1
初步的印象是确实相机的整体做工非常的好,1
菜单按键和前后转盘等的设计都非常方便实用,1
启动速度也很快,1
光学防抖在短焦段发挥比较出色,1
摄像的效果不错,1
从整体上看我对这个相机的设计网上说的转轮设计上有缺陷很容易坏和成像还是非常满意的,1
屏幕细腻,1
颜色依然的鲜艳无比,1
整机感觉略轻,1
整体手感还行,1
相机效果比牛有提升,1
自动档拍照并不象有些网上评说的效果那么差,1
当然还是有些高,1
此时照的相片确实很自然,1
反转片色彩好,1
　　手动档感觉不错,1
效果极好,1
质感很好,1
外观喜欢,1
第一电池强劲,1
我喜欢颜色鲜亮的,1
总体很不错,1
屏幕颜色发黄,0
很不错的机器,1
看色彩不错,1
但是白平衡有时不太好,0
像素低感觉画面锐度要差一些,0
锐度高些,1
的硬盘比也大,1
色彩自然,1
白平衡也好,1
拍照片效果还可以,1
主要感觉色彩还不错,1
画质略弱于,0
防抖效果差,0
硬盘太小,0
感觉佳能的操作有点不那么方便,0
且液晶屏旁的滚轮操作不是那么顺手,0
感觉价格还算可以,1
不得不感叹大屏幕确实舒服,1
的屏幕技术也很棒,1
系统也是很好用,1
很棒,1
性价比很高,1
更轻便的机身也便于携带,1
手持的握感还是相当不错的,1
显示效果很好的旋转液晶屏确实是一个亮点,1
在便利的同时对焦相当不舒服,0
万像素的高分辨率,1
在能拍出更精细的图片外,1
合焦速度还不错,1
对焦也精准,1
色彩还原中规中矩,1
那个头子甚至在中长焦端的锐利度也还不错,1
佳能操控性好,1
色彩画质优良,1
功能实用,1
外形不错好看,1
手感也还可以没人家说握着不舒服的现象,1
续航还是不错的,1
但是细腻度是可以的,1
手感不是很好,0
拍得可真清楚,1
屏幕的鲜艳一点,1
就暗很多,0
比好很多不知道是不是自动亮度低的关系呢,1
不过性价比确实不错,1
做工精细,1
反转屏的设计很好用且方便构图,1
开机速度快,1
快门时滞短,1
操作简单方便,1
菜单使用起来方便快捷,1
拍摄模式很齐全,1
色彩饱满,1
还原准确,1
高感光度成像质量很好,1
双重降噪功能明显,1
广角端不足,0
是一款综合素质不错的便携式消费级数码相机,1
外观没的大气,0
像素绝对比的清晰,1
一直嫌那两台单反有点笨重,0
但便携机在图像质量上总是稍欠缺一点还有不能换镜头局限了拍摄题材,0
低感光度拍摄的图像犀利清晰层次好,1
色彩也鲜艳,1
中心对焦点在暗光条件下的对焦能力更是远远的超过了,1
遗憾和不足的是个对焦点的覆盖范围太小了,0
界面漂亮,1
表现还行吧,1
的对焦屏比较简单的感觉,1
这对焦屏绝对给人耳目一新的感觉,1
拍摄起来我耳闻的高感比的给力了,1
就觉得的快门声格外的好听,1
照相时取景框中的红斑现象非常严重,0
其画质细腻饱满明暗及色彩过渡也好于,1
颜色无敌兔也更为厚重些,1
无敌兔的画质可以用赏心悦目来形容,1
优异的画质加之充分发挥镜头的视角,1
性格鲜明,1
但是强劲的机能会弥补画质的不足,1
虽然无敌兔不如那么专业,0
硬件够用,1
操作很流畅,1
万摄像头效果不太好,0
电量显示不正常,0
最佳的集成化,1
电池坚持时间久,1
底感差,0
外观真的不错,1
色彩艳丽,1
真的是颗粒感很强的,0
可折叠的使得胸平取景甚至腰平取景很舒服,1
视频自动对焦很强大,1
对焦距离控制很牛,1
可玩性大大提高,1
感觉这款机器不错,1
手感好,1
功能多,1
样子好看,1
写短信息的时候感觉字母太小,0
机器有点慢,0
新设计的镜头也比前面的口镜头都要小巧,1
套装便携性非常好,1
感觉在变焦的时候有些迟滞,0
手感不是很好,0
实际使用的时候调整对焦点很方便,1
对焦速度尚可,1
对焦精度也准确,1
不错,1
参数丰富,1
调整曝光组合时的操控性自然不错,1
至少本人觉得外观比好看,1
商家确实不错机子也赞,1
各种的拨盘选择器在调整参数上确实很便捷,1
在一些光线一般的情况下仍然可以拍摄出清晰的照片,1
对焦速度很快这个与其定位相符,1
合焦比较坚决和迅速,1
效果还真是不错,1
还是方便而且摄像还清晰安卓的平台正逐步完善,1
但是网速慢啊,0
结果人气很旺,1
对焦很快,1
快门清脆,1
肩屏小了些,0
感觉手柄还是略小,0
标准套机手感还行,1
快门声音真心不好听,0
画质还是可以的,1
配置一般,0
屏幕太小,0
目前价位还是高于的,0
手感我觉得更好,1
快门声音貌似比清脆一些,1
感觉的比稍好,1
机子太小太轻,0
不过的快门声音做的很好听,1
此外电动变焦镜头挺好玩的,1
令视野率的取景观感更加舒服清晰,1
电子取景器确实提升了很多,1
而且最重要的是的视野率很不错,1
广角拍摄方便畸变控制很好,1
的多功能设置已经人性化的设置,1
控制还不错,1
并且拥有齐全的镜头群,1
还有就是场景方面多张连拍很方便,1
自动人像识别和人像追踪对于拍摄非常的实用,1
总体来说是一个不错的机器,1
良好的性能和高素质的相机制作,1
部分相当正常,1
传输速度很快也很正常,1
金属质感的背盖真的相当漂亮,1
转场动画比起蝴蝶更优异,1
这个功能设计得使用起来真是太方便了,1
依然有着清晰锐力的成像品质,1
手感比预想的要好,1
可能机身比较厚的缘故吧,1
不过与相比的机身确实短了一些从左到右方向,1
手柄突出部分和镜头对焦环之间的空间挤了点,0
肩屏显示的信息很多,1
用了几天的感受屏实在优,1
它经济实惠成像也好,1
是很超值的广角镜头,1
这两个都是不错的人像头,1
拍半身人像特写都很好,1
这个镜头的成像还算不错,1
这么密的小像素,1
色彩不正及过渡不好,0
片子发暗种种现象,0
的镜头直径够大,1
尤其拍微距够毒,1
这款机子确实很不错,1
这些模式使得照片艳丽明快,1
色彩还原真实可靠,1
说明这只镜头素质还是很高的,1
传输速度较慢,0
配有补光灯是一个亮点,1
拍照功能较全,1
镜头反映速度较块,1
拍照效果还不赖,1
兼容性好,1
做工好,1
感觉镜筒的设计是很随便的没有用心,0
成像很好,1
镜头不小,1
而且设计的镜头有些突出,0
还有镜头保护盖很容易松,0
但感动的镜头的确是一流的外观,1
